DATE,TOTLL
1973-01-03,405.2513
1973-01-10,403.8754
1973-01-17,404.0137
1973-01-24,404.4657
1973-01-31,408.2189
1973-02-07,411.2574
1973-02-14,414.4707
1973-02-21,417.0752
1973-02-28,419.675
1973-03-07,423.6177
1973-03-14,424.7211
1973-03-21,426.0967
1973-03-28,427.9261
1973-04-04,429.2632
1973-04-11,430.5142
1973-04-18,430.9877
1973-04-25,432.7591
1973-05-02,435.2229
1973-05-09,436.6181
1973-05-16,438.1578
1973-05-23,439.3085
1973-05-30,441.496
1973-06-06,443.504
1973-06-13,444.9381
1973-06-20,446.1901
1973-06-27,447.9146
1973-07-04,449.2843
1973-07-11,452.3771
1973-07-18,451.8181
1973-07-25,453.1993
1973-08-01,456.3787
1973-08-08,457.9295
1973-08-15,460.1471
1973-08-22,458.0849
1973-08-29,458.6401
1973-09-05,461.1564
1973-09-12,461.2267
1973-09-19,461.6463
1973-09-26,462.8681
1973-10-03,463.4614
1973-10-10,465.1631
1973-10-17,463.4613
1973-10-24,464.5764
1973-10-31,465.1642
1973-11-07,467.9222
1973-11-14,466.1887
1973-11-21,466.732
1973-11-28,467.7622
1973-12-05,469.7715
1973-12-12,471.3776
1973-12-19,473.711
1973-12-26,478.5158
1974-01-02,477.3899
1974-01-09,474.9434
1974-01-16,476.0814
1974-01-23,476.4812
1974-01-30,476.4654
1974-02-06,478.5762
1974-02-13,479.0208
1974-02-20,479.9662
1974-02-27,481.2433
1974-03-06,483.8841
1974-03-13,484.7831
1974-03-20,487.7928
1974-03-27,491.0192
1974-04-03,495.8308
1974-04-10,497.1404
1974-04-17,499.9603
1974-04-24,500.8513
1974-05-01,504.9028
1974-05-08,503.9202
1974-05-15,506.4907
1974-05-22,506.7751
1974-05-29,508.1148
1974-06-05,509.9054
1974-06-12,511.2032
1974-06-19,513.5159
1974-06-26,515.5043
1974-07-03,518.343
1974-07-10,518.8647
1974-07-17,519.5636
1974-07-24,519.7178
1974-07-31,522.6358
1974-08-07,522.5347
1974-08-14,522.7329
1974-08-21,523.6203
1974-08-28,524.8959
1974-09-04,525.4395
1974-09-11,526.5945
1974-09-18,526.775
1974-09-25,525.3017
1974-10-02,526.3918
1974-10-09,527.0754
1974-10-16,526.829
1974-10-23,526.7374
1974-10-30,526.3095
1974-11-06,526.383
1974-11-13,527.7432
1974-11-20,527.3227
1974-11-27,527.9418
1974-12-04,530.5922
1974-12-11,530.075
1974-12-18,530.8588
1974-12-25,531.2668
1975-01-01,533.9546
1975-01-08,530.1415
1975-01-15,528.7587
1975-01-22,526.3015
1975-01-29,525.9956
1975-02-05,526.162
1975-02-12,522.7311
1975-02-19,524.6049
1975-02-26,524.0059
1975-03-05,525.0892
1975-03-12,524.5841
1975-03-19,523.7891
1975-03-26,521.5394
1975-04-02,521.057
1975-04-09,521.4134
1975-04-16,522.3294
1975-04-23,521.3809
1975-04-30,522.2285
1975-05-07,521.8477
1975-05-14,520.5615
1975-05-21,520.8456
1975-05-28,520.8124
1975-06-04,521.3035
1975-06-11,521.5637
1975-06-18,521.0327
1975-06-25,521.0319
1975-07-02,521.2839
1975-07-09,521.7142
1975-07-16,519.8254
1975-07-23,519.3737
1975-07-30,519.876
1975-08-06,520.2997
1975-08-13,519.662
1975-08-20,520.1609
1975-08-27,519.337
1975-09-03,520.651
1975-09-10,520.6242
1975-09-17,520.6982
1975-09-24,520.5455
1975-10-01,523.2782
1975-10-08,522.7291
1975-10-15,522.6914
1975-10-22,521.9829
1975-10-29,521.9478
1975-11-05,520.6856
1975-11-12,520.7975
1975-11-19,520.6855
1975-11-26,525.0498
1975-12-03,525.0841
1975-12-10,526.1753
1975-12-17,527.9088
1975-12-24,529.5854
1975-12-31,531.8799
1976-01-07,525.4344
1976-01-14,524.7938
1976-01-21,524.7092
1976-01-28,524.4983
1976-02-04,525.3225
1976-02-11,524.79
1976-02-18,526.3591
1976-02-25,526.143
1976-03-03,527.4211
1976-03-10,530.3087
1976-03-17,529.1657
1976-03-24,529.6656
1976-03-31,530.1642
1976-04-07,528.3391
1976-04-14,529.5974
1976-04-21,531.3263
1976-04-28,532.4004
1976-05-05,532.1017
1976-05-12,532.682
1976-05-19,534.7834
1976-05-26,536.1728
1976-06-02,538.5042
1976-06-09,539.0904
1976-06-16,539.791
1976-06-23,540.3052
1976-06-30,544.0911
1976-07-07,541.3488
1976-07-14,541.8227
1976-07-21,542.6892
1976-07-28,542.2282
1976-08-04,541.732
1976-08-11,544.6682
1976-08-18,545.657
1976-08-25,545.7956
1976-09-01,547.353
1976-09-08,545.8276
1976-09-15,548.5136
1976-09-22,549.7572
1976-09-29,550.6371
1976-10-06,553.69
1976-10-13,552.2662
1976-10-20,555.0715
1976-10-27,556.2426
1976-11-03,557.4972
1976-11-10,556.6424
1976-11-17,558.8401
1976-11-24,559.2975
1976-12-01,562.4357
1976-12-08,563.9993
1976-12-15,566.1562
1976-12-22,567.2878
1976-12-29,568.6532
1977-01-05,566.3727
1977-01-12,566.2797
1977-01-19,567.1232
1977-01-26,566.4782
1977-02-02,568.3719
1977-02-09,568.6734
1977-02-16,570.6925
1977-02-23,570.8971
1977-03-02,573.6499
1977-03-09,574.7988
1977-03-16,577.5759
1977-03-23,577.9474
1977-03-30,578.8251
1977-04-06,580.7949
1977-04-13,581.7928
1977-04-20,584.2858
1977-04-27,586.1248
1977-05-04,588.1737
1977-05-11,589.3938
1977-05-18,591.5838
1977-05-25,593.1342
1977-06-01,595.6154
1977-06-08,595.62
1977-06-15,598.4628
1977-06-22,599.003
1977-06-29,601.8468
1977-07-06,601.9541
1977-07-13,603.26
1977-07-20,605.7823
1977-07-27,607.0673
1977-08-03,609.2086
1977-08-10,612.1417
1977-08-17,612.269
1977-08-24,612.7531
1977-08-31,615.8453
1977-09-07,617.6671
1977-09-14,618.6789
1977-09-21,620.9311
1977-09-28,622.7093
1977-10-05,623.7799
1977-10-12,626.3189
1977-10-19,628.2981
1977-10-26,629.531
1977-11-02,631.6023
1977-11-09,632.8674
1977-11-16,634.0208
1977-11-23,634.4084
1977-11-30,636.739
1977-12-07,639.1679
1977-12-14,640.9282
1977-12-21,645.1874
1977-12-28,647.3474
1978-01-04,648.2324
1978-01-11,649.253
1978-01-18,647.2603
1978-01-25,649.7086
1978-02-01,651.4091
1978-02-08,654.1129
1978-02-15,653.525
1978-02-22,654.3362
1978-03-01,658.6992
1978-03-08,660.532
1978-03-15,664.391
1978-03-22,665.2717
1978-03-29,668.3848
1978-04-05,670.5663
1978-04-12,671.6989
1978-04-19,674.3435
1978-04-26,676.2179
1978-05-03,677.8441
1978-05-10,679.8077
1978-05-17,683.04
1978-05-24,685.5617
1978-05-31,690.9734
1978-06-07,692.5342
1978-06-14,693.0871
1978-06-21,696.9549
1978-06-28,700.9812
1978-07-05,703.1957
1978-07-12,704.125
1978-07-19,705.111
1978-07-26,708.0413
1978-08-02,708.727
1978-08-09,708.97
1978-08-16,711.9087
1978-08-23,713.5355
1978-08-30,715.5906
1978-09-06,718.1538
1978-09-13,719.641
1978-09-20,723.7279
1978-09-27,727.1127
1978-10-04,728.1256
1978-10-11,731.4652
1978-10-18,732.5183
1978-10-25,735.5919
1978-11-01,741.0093
1978-11-08,740.37
1978-11-15,743.966
1978-11-22,747.0427
1978-11-29,748.9072
1978-12-06,750.77
1978-12-13,753.0138
1978-12-20,757.6038
1978-12-27,760.0423
1979-01-03,752.6921
1979-01-10,756.1614
1979-01-17,756.1406
1979-01-24,760.0436
1979-01-31,760.8882
1979-02-07,762.2219
1979-02-14,763.614
1979-02-21,765.6733
1979-02-28,767.8526
1979-03-07,769.7998
1979-03-14,771.8983
1979-03-21,775.7764
1979-03-28,778.4001
1979-04-04,781.1447
1979-04-11,785.5305
1979-04-18,787.272
1979-04-25,789.7095
1979-05-02,791.5281
1979-05-09,794.1836
1979-05-16,797.1913
1979-05-23,800.0712
1979-05-30,801.8785
1979-06-06,806.3701
1979-06-13,808.6355
1979-06-20,812.792
1979-06-27,815.9229
1979-07-04,819.2054
1979-07-11,823.3991
1979-07-18,823.4302
1979-07-25,827.0533
1979-08-01,827.4579
1979-08-08,829.0595
1979-08-15,830.9458
1979-08-22,832.7871
1979-08-29,833.7022
1979-09-05,838.3234
1979-09-12,840.7664
1979-09-19,845.8771
1979-09-26,846.1748
1979-10-03,846.3923
1979-10-10,849.7374
1979-10-17,848.3289
1979-10-24,848.9161
1979-10-31,848.904
1979-11-07,846.8838
1979-11-14,847.6015
1979-11-21,846.7355
1979-11-28,845.1818
1979-12-05,849.1693
1979-12-12,850.4042
1979-12-19,852.2452
1979-12-26,853.9837
1980-01-02,855.3339
1980-01-09,856.9729
1980-01-16,857.1018
1980-01-23,858.7128
1980-01-30,858.2544
1980-02-06,863.8027
1980-02-13,866.2159
1980-02-20,870.6795
1980-02-27,870.4428
1980-03-05,873.9314
1980-03-12,875.77
1980-03-19,876.3547
1980-03-26,876.5214
1980-04-02,880.418
1980-04-09,878.7604
1980-04-16,876.6097
1980-04-23,876.2627
1980-04-30,875.2245
1980-05-07,871.6701
1980-05-14,871.618
1980-05-21,870.1576
1980-05-28,869.172
1980-06-04,866.6716
1980-06-11,866.7817
1980-06-18,866.8419
1980-06-25,867.0879
1980-07-02,866.6045
1980-07-09,868.4048
1980-07-16,869.546
1980-07-23,871.4084
1980-07-30,870.8815
1980-08-06,873.7996
1980-08-13,875.0613
1980-08-20,876.9726
1980-08-27,878.3948
1980-09-03,877.7523
1980-09-10,879.9276
1980-09-17,880.2068
1980-09-24,881.6621
1980-10-01,885.4679
1980-10-08,886.7868
1980-10-15,890.4385
1980-10-22,893.1684
1980-10-29,896.0304
1980-11-05,900.3315
1980-11-12,902.3814
1980-11-19,904.0261
1980-11-26,907.6214
1980-12-03,908.676
1980-12-10,914.0906
1980-12-17,914.0923
1980-12-24,914.0663
1980-12-31,914.9793
1981-01-07,915.6737
1981-01-14,918.1795
1981-01-21,919.3118
1981-01-28,921.1815
1981-02-04,921.5432
1981-02-11,921.3798
1981-02-18,922.4461
1981-02-25,923.6717
1981-03-04,924.2572
1981-03-11,924.1439
1981-03-18,924.7589
1981-03-25,926.0371
1981-04-01,928.4188
1981-04-08,928.0948
1981-04-15,932.0125
1981-04-22,933.1346
1981-04-29,936.9303
1981-05-06,941.5499
1981-05-13,942.7888
1981-05-20,944.8489
1981-05-27,947.2312
1981-06-03,948.9635
1981-06-10,948.526
1981-06-17,952.2168
1981-06-24,953.0906
1981-07-01,957.4697
1981-07-08,954.7067
1981-07-15,957.575
1981-07-22,959.2247
1981-07-29,961.0671
1981-08-05,965.6056
1981-08-12,965.5008
1981-08-19,963.5269
1981-08-26,967.2444
1981-09-02,969.4511
1981-09-09,970.6098
1981-09-16,970.5356
1981-09-23,970.1954
1981-09-30,977.7136
1981-10-07,974.732
1981-10-14,976.1044
1981-10-21,978.7099
1981-10-28,976.7286
1981-11-04,978.7947
1981-11-11,981.2706
1981-11-18,982.908
1981-11-25,986.5682
1981-12-02,987.6853
1981-12-09,978.308
1981-12-16,978.8576
1981-12-23,975.6742
1981-12-30,978.4783
1982-01-06,979.9077
1982-01-13,982.8815
1982-01-20,982.7984
1982-01-27,988.3518
1982-02-03,990.7041
1982-02-10,993.9093
1982-02-17,995.1981
1982-02-24,999.0081
1982-03-03,997.7652
1982-03-10,1000.4735
1982-03-17,1001.0884
1982-03-24,1003.1317
1982-03-31,1007.3225
1982-04-07,1011.8991
1982-04-14,1012.003
1982-04-21,1012.095
1982-04-28,1012.9009
1982-05-05,1016.3843
1982-05-12,1018.5725
1982-05-19,1019.0894
1982-05-26,1024.8039
1982-06-02,1024.8976
1982-06-09,1027.6007
1982-06-16,1026.7776
1982-06-23,1026.331
1982-06-30,1029.0985
1982-07-07,1029.1929
1982-07-14,1032.8313
1982-07-21,1032.1448
1982-07-28,1034.5305
1982-08-04,1034.2309
1982-08-11,1034.4095
1982-08-18,1036.5812
1982-08-25,1037.2979
1982-09-01,1040.9744
1982-09-08,1040.0157
1982-09-15,1042.4257
1982-09-22,1043.5921
1982-09-29,1044.7932
1982-10-06,1046.668
1982-10-13,1049.0729
1982-10-20,1050.1448
1982-10-27,1050.0604
1982-11-03,1048.5718
1982-11-10,1047.9031
1982-11-17,1047.2491
1982-11-24,1047.7692
1982-12-01,1046.8604
1982-12-08,1049.5718
1982-12-15,1049.4958
1982-12-22,1049.8666
1982-12-29,1045.7691
1983-01-05,1049.6536
1983-01-12,1052.2519
1983-01-19,1053.97
1983-01-26,1056.7632
1983-02-02,1056.4365
1983-02-09,1055.2664
1983-02-16,1053.703
1983-02-23,1054.5771
1983-03-02,1060.3501
1983-03-09,1058.1329
1983-03-16,1060.5494
1983-03-23,1061.5414
1983-03-30,1063.6204
1983-04-06,1063.4552
1983-04-13,1062.8151
1983-04-20,1065.5535
1983-04-27,1064.6518
1983-05-04,1064.4885
1983-05-11,1066.4944
1983-05-18,1066.3888
1983-05-25,1068.3041
1983-06-01,1074.0172
1983-06-08,1073.6673
1983-06-15,1076.2505
1983-06-22,1075.7863
1983-06-29,1077.5261
1983-07-06,1080.2956
1983-07-13,1082.7207
1983-07-20,1086.3675
1983-07-27,1089.3536
1983-08-03,1091.8481
1983-08-10,1094.8257
1983-08-17,1095.9151
1983-08-24,1098.9726
1983-08-31,1100.7614
1983-09-07,1102.1713
1983-09-14,1101.3231
1983-09-21,1105.8732
1983-09-28,1104.962
1983-10-05,1108.1133
1983-10-12,1114.1834
1983-10-19,1112.7933
1983-10-26,1119.0331
1983-11-02,1120.8137
1983-11-09,1125.6015
1983-11-16,1126.66
1983-11-23,1127.7148
1983-11-30,1130.1148
1983-12-07,1133.4237
1983-12-14,1135.5044
1983-12-21,1136.4697
1983-12-28,1137.065
1984-01-04,1134.8146
1984-01-11,1139.5594
1984-01-18,1139.2319
1984-01-25,1143.2398
1984-02-01,1148.7085
1984-02-08,1153.6224
1984-02-15,1161.6443
1984-02-22,1163.785
1984-02-29,1166.3845
1984-03-07,1168.832
1984-03-14,1170.3455
1984-03-21,1172.927
1984-03-28,1173.2553
1984-04-04,1182.5304
1984-04-11,1183.4899
1984-04-18,1188.9726
1984-04-25,1193.1479
1984-05-02,1196.0048
1984-05-09,1202.2283
1984-05-16,1204.1286
1984-05-23,1209.5484
1984-05-30,1210.7591
1984-06-06,1216.6543
1984-06-13,1215.7115
1984-06-20,1221.1892
1984-06-27,1222.6509
1984-07-04,1227.802
1984-07-11,1231.0218
1984-07-18,1231.2658
1984-07-25,1238.0131
1984-08-01,1238.0446
1984-08-08,1239.3145
1984-08-15,1242.9599
1984-08-22,1243.7518
1984-08-29,1244.2182
1984-09-05,1247.9188
1984-09-12,1253.3796
1984-09-19,1255.8144
1984-09-26,1254.6898
1984-10-03,1256.735
1984-10-10,1263.8816
1984-10-17,1263.0009
1984-10-24,1267.4128
1984-10-31,1274.869
1984-11-07,1278.5383
1984-11-14,1281.4147
1984-11-21,1282.2059
1984-11-28,1279.1076
1984-12-05,1288.9873
1984-12-12,1291.7
1984-12-19,1297.7097
1984-12-26,1296.5213
1985-01-02,1297.5693
1985-01-09,1299.9084
1985-01-16,1300.3484
1985-01-23,1304.8389
1985-01-30,1305.2297
1985-02-06,1309.5535
1985-02-13,1311.5557
1985-02-20,1316.0193
1985-02-27,1319.1607
1985-03-06,1322.7172
1985-03-13,1324.0842
1985-03-20,1327.2778
1985-03-27,1327.7801
1985-04-03,1327.9001
1985-04-10,1327.5164
1985-04-17,1323.9598
1985-04-24,1328.2211
1985-05-01,1331.3015
1985-05-08,1336.086
1985-05-15,1340.4353
1985-05-22,1340.6561
1985-05-29,1341.1113
1985-06-05,1345.5985
1985-06-12,1347.8572
1985-06-19,1353.1935
1985-06-26,1353.0977
1985-07-03,1357.602
1985-07-10,1359.806
1985-07-17,1363.0312
1985-07-24,1364.5925
1985-07-31,1368.8273
1985-08-07,1369.0146
1985-08-14,1369.838
1985-08-21,1375.2694
1985-08-28,1374.4037
1985-09-04,1381.7672
1985-09-11,1384.5869
1985-09-18,1385.9096
1985-09-25,1387.4102
1985-10-02,1386.3924
1985-10-09,1390.5198
1985-10-16,1387.796
1985-10-23,1386.8682
1985-10-30,1393.9334
1985-11-06,1398.9601
1985-11-13,1400.376
1985-11-20,1410.0913
1985-11-27,1411.0446
1985-12-04,1411.2486
1985-12-11,1413.9015
1985-12-18,1419.356
1985-12-25,1417.7764
1986-01-01,1426.1055
1986-01-08,1428.781
1986-01-15,1432.1244
1986-01-22,1430.1044
1986-01-29,1427.3226
1986-02-05,1431.0998
1986-02-12,1430.9313
1986-02-19,1435.9668
1986-02-26,1435.5692
1986-03-05,1442.5405
1986-03-12,1447.1186
1986-03-19,1451.7575
1986-03-26,1453.7691
1986-04-02,1455.0411
1986-04-09,1455.7404
1986-04-16,1459.1687
1986-04-23,1457.6363
1986-04-30,1462.9753
1986-05-07,1461.1449
1986-05-14,1465.3049
1986-05-21,1465.692
1986-05-28,1466.8669
1986-06-04,1467.1781
1986-06-11,1469.8525
1986-06-18,1470.0696
1986-06-25,1476.5046
1986-07-02,1478.4282
1986-07-09,1481.0932
1986-07-16,1484.727
1986-07-23,1486.7146
1986-07-30,1487.545
1986-08-06,1491.2773
1986-08-13,1489.7681
1986-08-20,1496.4108
1986-08-27,1501.1146
1986-09-03,1503.4384
1986-09-10,1501.5364
1986-09-17,1505.4277
1986-09-24,1505.6189
1986-10-01,1510.5205
1986-10-08,1505.3267
1986-10-15,1507.6374
1986-10-22,1508.748
1986-10-29,1509.0625
1986-11-05,1515.3989
1986-11-12,1523.5685
1986-11-19,1522.7897
1986-11-26,1533.3448
1986-12-03,1535.6116
1986-12-10,1540.6538
1986-12-17,1545.3851
1986-12-24,1565.0491
1986-12-31,1580.9775
1987-01-07,1576.5343
1987-01-14,1570.3073
1987-01-21,1573.957
1987-01-28,1578.1264
1987-02-04,1573.008
1987-02-11,1572.953
1987-02-18,1574.8844
1987-02-25,1578.8956
1987-03-04,1580.0344
1987-03-11,1580.443
1987-03-18,1585.4588
1987-03-25,1587.3593
1987-04-01,1594.0669
1987-04-08,1598.1184
1987-04-15,1606.0083
1987-04-22,1607.4605
1987-04-29,1606.6045
1987-05-06,1605.902
1987-05-13,1605.8139
1987-05-20,1611.8378
1987-05-27,1611.6023
1987-06-03,1610.8828
1987-06-10,1615.2673
1987-06-17,1616.9158
1987-06-24,1617.2872
1987-07-01,1613.7629
1987-07-08,1617.0932
1987-07-15,1620.4515
1987-07-22,1618.4712
1987-07-29,1621.7541
1987-08-05,1622.5568
1987-08-12,1627.3403
1987-08-19,1626.9799
1987-08-26,1630.9601
1987-09-02,1633.3413
1987-09-09,1641.371
1987-09-16,1647.7615
1987-09-23,1648.3245
1987-09-30,1658.7759
1987-10-07,1654.145
1987-10-14,1656.2555
1987-10-21,1666.5264
1987-10-28,1667.5864
1987-11-04,1661.6406
1987-11-11,1661.8504
1987-11-18,1663.0999
1987-11-25,1663.4658
1987-12-02,1666.0208
1987-12-09,1671.9293
1987-12-16,1673.1528
1987-12-23,1674.8921
1987-12-30,1674.1679
1988-01-06,1681.712
1988-01-13,1683.3909
1988-01-20,1683.239
1988-01-27,1688.8822
1988-02-03,1692.369
1988-02-10,1690.5416
1988-02-17,1693.8126
1988-02-24,1694.7578
1988-03-02,1700.9331
1988-03-09,1703.8075
1988-03-16,1705.7568
1988-03-23,1709.1408
1988-03-30,1711.1257
1988-04-06,1722.5535
1988-04-13,1717.0847
1988-04-20,1721.1623
1988-04-27,1726.1804
1988-05-04,1732.1778
1988-05-11,1737.4049
1988-05-18,1736.8141
1988-05-25,1742.0177
1988-06-01,1746.8505
1988-06-08,1747.4899
1988-06-15,1750.7058
1988-06-22,1756.1748
1988-06-29,1758.8375
1988-07-06,1767.8892
1988-07-13,1767.5883
1988-07-20,1770.2716
1988-07-27,1770.4156
1988-08-03,1771.657
1988-08-10,1778.2033
1988-08-17,1778.8268
1988-08-24,1779.6446
1988-08-31,1782.1281
1988-09-07,1782.669
1988-09-14,1782.4012
1988-09-21,1788.018
1988-09-28,1786.8225
1988-10-05,1793.3594
1988-10-12,1798.3312
1988-10-19,1796.4869
1988-10-26,1796.2807
1988-11-02,1803.0089
1988-11-09,1805.1897
1988-11-16,1808.4662
1988-11-23,1813.9347
1988-11-30,1813.5259
1988-12-07,1817.7759
1988-12-14,1816.9154
1988-12-21,1820.7929
1988-12-28,1818.9639
1989-01-04,1817.0446
1989-01-11,1823.5597
1989-01-18,1828.8038
1989-01-25,1831.2994
1989-02-01,1831.9033
1989-02-08,1846.1756
1989-02-15,1849.3703
1989-02-22,1848.8668
1989-03-01,1848.4422
1989-03-08,1847.9859
1989-03-15,1852.7115
1989-03-22,1851.7175
1989-03-29,1858.6763
1989-04-05,1862.3264
1989-04-12,1863.7813
1989-04-19,1869.9771
1989-04-26,1873.794
1989-05-03,1876.8165
1989-05-10,1879.2228
1989-05-17,1882.6874
1989-05-24,1886.4447
1989-05-31,1890.2291
1989-06-07,1891.567
1989-06-14,1891.7459
1989-06-21,1896.6333
1989-06-28,1896.5074
1989-07-05,1905.0404
1989-07-12,1907.8171
1989-07-19,1914.0678
1989-07-26,1926.047
1989-08-02,1926.9765
1989-08-09,1927.6968
1989-08-16,1932.0142
1989-08-23,1934.0608
1989-08-30,1933.7475
1989-09-06,1942.8604
1989-09-13,1943.3127
1989-09-20,1946.0372
1989-09-27,1943.3686
1989-10-04,1947.361
1989-10-11,1953.502
1989-10-18,1952.5537
1989-10-25,1958.7974
1989-11-01,1965.5936
1989-11-08,1959.5029
1989-11-15,1963.6104
1989-11-22,1966.3771
1989-11-29,1962.8567
1989-12-06,1966.7007
1989-12-13,1969.8268
1989-12-20,1969.9968
1989-12-27,1966.7529
1990-01-03,1965.3881
1990-01-10,1972.9148
1990-01-17,1973.9824
1990-01-24,1975.7323
1990-01-31,1976.2032
1990-02-07,1978.6997
1990-02-14,1979.9739
1990-02-21,1987.2774
1990-02-28,1985.2068
1990-03-07,1988.4602
1990-03-14,1986.5207
1990-03-21,1994.5574
1990-03-28,1992.1169
1990-04-04,1992.1391
1990-04-11,1997.7073
1990-04-18,2002.1012
1990-04-25,2001.1921
1990-05-02,2002.0196
1990-05-09,2006.6832
1990-05-16,2007.5142
1990-05-23,2009.0738
1990-05-30,2006.9565
1990-06-06,2012.7619
1990-06-13,2015.4672
1990-06-20,2017.8785
1990-06-27,2018.7205
1990-07-04,2012.5436
1990-07-11,2016.5675
1990-07-18,2021.6216
1990-07-25,2022.4669
1990-08-01,2024.1727
1990-08-08,2025.1292
1990-08-15,2030.5683
1990-08-22,2032.278
1990-08-29,2025.8635
1990-09-05,2032.5114
1990-09-12,2030.0789
1990-09-19,2030.4129
1990-09-26,2031.4523
1990-10-03,2035.1166
1990-10-10,2037.9116
1990-10-17,2037.7027
1990-10-24,2042.1872
1990-10-31,2041.7837
1990-11-07,2040.4767
1990-11-14,2042.4702
1990-11-21,2045.7109
1990-11-28,2042.1922
1990-12-05,2052.6016
1990-12-12,2054.1247
1990-12-19,2054.9051
1990-12-26,2054.3064
1991-01-02,2046.5772
1991-01-09,2046.4159
1991-01-16,2046.4967
1991-01-23,2050.7024
1991-01-30,2045.1167
1991-02-06,2048.305
1991-02-13,2049.2204
1991-02-20,2055.5153
1991-02-27,2055.4992
1991-03-06,2055.3679
1991-03-13,2059.2595
1991-03-20,2057.6339
1991-03-27,2057.5704
1991-04-03,2054.4744
1991-04-10,2055.6696
1991-04-17,2054.4429
1991-04-24,2055.7511
1991-05-01,2057.8791
1991-05-08,2052.1865
1991-05-15,2053.7044
1991-05-22,2053.8709
1991-05-29,2055.0247
1991-06-05,2055.2086
1991-06-12,2054.9954
1991-06-19,2050.9268
1991-06-26,2055.7068
1991-07-03,2044.7451
1991-07-10,2048.1951
1991-07-17,2041.4159
1991-07-24,2043.5019
1991-07-31,2041.8284
1991-08-07,2037.6659
1991-08-14,2035.2273
1991-08-21,2036.5777
1991-08-28,2035.8038
1991-09-04,2035.909
1991-09-11,2034.3641
1991-09-18,2037.9119
1991-09-25,2037.0595
1991-10-02,2035.5239
1991-10-09,2036.6021
1991-10-16,2041.2105
1991-10-23,2037.9154
1991-10-30,2035.3751
1991-11-06,2036.7537
1991-11-13,2040.6648
1991-11-20,2039.8273
1991-11-27,2039.6534
1991-12-04,2039.7913
1991-12-11,2043.1196
1991-12-18,2043.1592
1991-12-25,2046.3917
1992-01-01,2042.4197
1992-01-08,2041.8915
1992-01-15,2040.3394
1992-01-22,2041.5486
1992-01-29,2043.3985
1992-02-05,2044.9045
1992-02-12,2038.1579
1992-02-19,2038.5996
1992-02-26,2036.043
1992-03-04,2038.5926
1992-03-11,2037.2074
1992-03-18,2034.0612
1992-03-25,2038.2176
1992-04-01,2046.8001
1992-04-08,2040.0008
1992-04-15,2044.4808
1992-04-22,2036.5004
1992-04-29,2037.2181
1992-05-06,2038.5061
1992-05-13,2038.8105
1992-05-20,2036.7085
1992-05-27,2033.9221
1992-06-03,2030.9682
1992-06-10,2032.1636
1992-06-17,2031.2439
1992-06-24,2030.7022
1992-07-01,2031.4627
1992-07-08,2027.8959
1992-07-15,2030.3194
1992-07-22,2026.2411
1992-07-29,2022.5339
1992-08-05,2024.6783
1992-08-12,2023.7703
1992-08-19,2022.5278
1992-08-26,2025.525
1992-09-02,2028.2934
1992-09-09,2028.3542
1992-09-16,2032.9137
1992-09-23,2030.7389
1992-09-30,2035.3022
1992-10-07,2029.5346
1992-10-14,2031.6604
1992-10-21,2029.7024
1992-10-28,2032.8424
1992-11-04,2031.4423
1992-11-11,2032.7293
1992-11-18,2029.0141
1992-11-25,2033.7063
1992-12-02,2031.5088
1992-12-09,2036.1753
1992-12-16,2035.2502
1992-12-23,2035.6786
1992-12-30,2035.6501
1993-01-06,2035.7147
1993-01-13,2034.0156
1993-01-20,2037.9575
1993-01-27,2034.6319
1993-02-03,2035.5705
1993-02-10,2035.7581
1993-02-17,2036.6584
1993-02-24,2033.8348
1993-03-03,2037.3543
1993-03-10,2034.6231
1993-03-17,2037.2679
1993-03-24,2031.8974
1993-03-31,2035.8091
1993-04-07,2034.388
1993-04-14,2033.0291
1993-04-21,2032.4502
1993-04-28,2038.6549
1993-05-05,2040.4275
1993-05-12,2048.2215
1993-05-19,2047.2591
1993-05-26,2053.3277
1993-06-02,2057.0571
1993-06-09,2056.2677
1993-06-16,2056.1587
1993-06-23,2053.9591
1993-06-30,2068.0029
1993-07-07,2065.2664
1993-07-14,2060.8337
1993-07-21,2062.1327
1993-07-28,2065.6578
1993-08-04,2072.1922
1993-08-11,2070.5111
1993-08-18,2068.4109
1993-08-25,2071.5116
1993-09-01,2074.4854
1993-09-08,2070.466
1993-09-15,2077.5892
1993-09-22,2071.7095
1993-09-29,2078.9504
1993-10-06,2078.4274
1993-10-13,2080.6011
1993-10-20,2080.1695
1993-10-27,2082.7191
1993-11-03,2083.8267
1993-11-10,2086.9477
1993-11-17,2087.2491
1993-11-24,2089.4346
1993-12-01,2099.629
1993-12-08,2095.7995
1993-12-15,2102.2754
1993-12-22,2099.4498
1993-12-29,2103.3931
1994-01-05,2107.2529
1994-01-12,2108.4611
1994-01-19,2105.8151
1994-01-26,2104.7674
1994-02-02,2109.702
1994-02-09,2115.5313
1994-02-16,2113.5348
1994-02-23,2108.9293
1994-03-02,2119.8883
1994-03-09,2121.1616
1994-03-16,2128.49
1994-03-23,2130.3536
1994-03-30,2134.6187
1994-04-06,2138.7174
1994-04-13,2136.215
1994-04-20,2142.2855
1994-04-27,2141.8964
1994-05-04,2142.8476
1994-05-11,2147.7704
1994-05-18,2147.6456
1994-05-25,2151.682
1994-06-01,2155.5812
1994-06-08,2154.6102
1994-06-15,2160.8059
1994-06-22,2160.9292
1994-06-29,2165.4127
1994-07-06,2173.1206
1994-07-13,2179.947
1994-07-20,2188.6014
1994-07-27,2192.0759
1994-08-03,2192.837
1994-08-10,2196.6098
1994-08-17,2203.5029
1994-08-24,2206.6129
1994-08-31,2214.4961
1994-09-07,2210.5926
1994-09-14,2213.983
1994-09-21,2223.2461
1994-09-28,2225.0187
1994-10-05,2233.7383
1994-10-12,2237.3512
1994-10-19,2241.9663
1994-10-26,2244.5317
1994-11-02,2251.2474
1994-11-09,2252.8664
1994-11-16,2261.7098
1994-11-23,2261.4085
1994-11-30,2267.8115
1994-12-07,2272.8742
1994-12-14,2275.4189
1994-12-21,2290.0139
1994-12-28,2290.2564
1995-01-04,2296.9944
1995-01-11,2300.5794
1995-01-18,2307.7336
1995-01-25,2313.7369
1995-02-01,2327.3441
1995-02-08,2322.705
1995-02-15,2328.7136
1995-02-22,2333.4119
1995-03-01,2342.7859
1995-03-08,2342.0933
1995-03-15,2349.9476
1995-03-22,2353.9867
1995-03-29,2357.1918
1995-04-05,2358.1279
1995-04-12,2362.5608
1995-04-19,2370.6501
1995-04-26,2376.9975
1995-05-03,2381.1485
1995-05-10,2388.5727
1995-05-17,2389.0857
1995-05-24,2397.8282
1995-05-31,2405.1185
1995-06-07,2407.5044
1995-06-14,2407.806
1995-06-21,2416.5166
1995-06-28,2418.3079
1995-07-05,2431.8951
1995-07-12,2436.0853
1995-07-19,2439.4821
1995-07-26,2445.5006
1995-08-02,2451.0647
1995-08-09,2453.2858
1995-08-16,2453.5346
1995-08-23,2458.542
1995-08-30,2458.1104
1995-09-06,2465.7526
1995-09-13,2464.7437
1995-09-20,2476.982
1995-09-27,2478.4606
1995-10-04,2469.4716
1995-10-11,2471.4225
1995-10-18,2470.9854
1995-10-25,2479.6399
1995-11-01,2488.9979
1995-11-08,2488.6525
1995-11-15,2490.4948
1995-11-22,2497.1379
1995-11-29,2492.6597
1995-12-06,2498.7261
1995-12-13,2499.2229
1995-12-20,2510.2396
1995-12-27,2513.3331
1996-01-03,2522.7555
1996-01-10,2527.3912
1996-01-17,2526.1004
1996-01-24,2525.2493
1996-01-31,2529.5249
1996-02-07,2524.0368
1996-02-14,2531.0591
1996-02-21,2539.7533
1996-02-28,2538.9237
1996-03-06,2534.2491
1996-03-13,2540.4757
1996-03-20,2547.9017
1996-03-27,2552.4689
1996-04-03,2555.5361
1996-04-10,2562.9189
1996-04-17,2562.2299
1996-04-24,2566.1214
1996-05-01,2569.7869
1996-05-08,2563.0484
1996-05-15,2566.6691
1996-05-22,2573.3425
1996-05-29,2567.4007
1996-06-05,2573.6276
1996-06-12,2580.0142
1996-06-19,2584.7729
1996-06-26,2588.5629
1996-07-03,2589.3505
1996-07-10,2591.3933
1996-07-17,2585.0858
1996-07-24,2589.5515
1996-07-31,2586.6333
1996-08-07,2595.0799
1996-08-14,2595.6879
1996-08-21,2605.971
1996-08-28,2606.564
1996-09-04,2612.6379
1996-09-11,2618.0434
1996-09-18,2616.7945
1996-09-25,2633.4606
1996-10-02,2647.5791
1996-10-09,2651.814
1996-10-16,2654.9906
1996-10-23,2658.9259
1996-10-30,2653.24
1996-11-06,2660.7023
1996-11-13,2665.8599
1996-11-20,2669.5873
1996-11-27,2683.9528
1996-12-04,2682.701
1996-12-11,2688.664
1996-12-18,2692.4263
1996-12-25,2699.1245
1997-01-01,2705.2641
1997-01-08,2708.6915
1997-01-15,2709.331
1997-01-22,2715.2183
1997-01-29,2713.271
1997-02-05,2719.5962
1997-02-12,2720.3974
1997-02-19,2729.6939
1997-02-26,2730.4944
1997-03-05,2736.222
1997-03-12,2742.4677
1997-03-19,2742.4154
1997-03-26,2754.5898
1997-04-02,2751.4712
1997-04-09,2758.5438
1997-04-16,2766.2847
1997-04-23,2773.2057
1997-04-30,2791.3834
1997-05-07,2786.4445
1997-05-14,2792.2038
1997-05-21,2803.3848
1997-05-28,2805.8705
1997-06-04,2812.9086
1997-06-11,2814.159
1997-06-18,2816.0122
1997-06-25,2822.0495
1997-07-02,2831.2884
1997-07-09,2826.4628
1997-07-16,2834.9144
1997-07-23,2837.9706
1997-07-30,2841.6855
1997-08-06,2842.0374
1997-08-13,2843.2102
1997-08-20,2859.1679
1997-08-27,2852.9382
1997-09-03,2863.0284
1997-09-10,2864.1306
1997-09-17,2869.5025
1997-09-24,2861.7745
1997-10-01,2866.9845
1997-10-08,2869.483
1997-10-15,2872.397
1997-10-22,2872.8104
1997-10-29,2875.22
1997-11-05,2878.8347
1997-11-12,2884.9324
1997-11-19,2885.9314
1997-11-26,2893.2379
1997-12-03,2889.7594
1997-12-10,2890.7511
1997-12-17,2897.1537
1997-12-24,2908.4359
1997-12-31,2907.6035
1998-01-07,2912.5643
1998-01-14,2911.2147
1998-01-21,2922.672
1998-01-28,2923.2397
1998-02-04,2923.9657
1998-02-11,2933.7156
1998-02-18,2939.181
1998-02-25,2948.831
1998-03-04,2956.605
1998-03-11,2961.4059
1998-03-18,2958.8806
1998-03-25,2966.5606
1998-04-01,2976.79
1998-04-08,2985.3102
1998-04-15,2986.9599
1998-04-22,2980.236
1998-04-29,2984.2986
1998-05-06,2992.9077
1998-05-13,2988.6947
1998-05-20,2987.5231
1998-05-27,2997.8638
1998-06-03,3004.4495
1998-06-10,3009.1011
1998-06-17,3015.1237
1998-06-24,3017.4953
1998-07-01,3022.0006
1998-07-08,3015.4549
1998-07-15,3022.4889
1998-07-22,3020.853
1998-07-29,3033.1716
1998-08-05,3035.7711
1998-08-12,3044.7237
1998-08-19,3042.7272
1998-08-26,3057.033
1998-09-02,3067.8284
1998-09-09,3060.6648
1998-09-16,3070.0653
1998-09-23,3078.6988
1998-09-30,3074.204
1998-10-07,3083.9026
1998-10-14,3093.1092
1998-10-21,3103.4035
1998-10-28,3117.3111
1998-11-04,3128.3667
1998-11-11,3136.1679
1998-11-18,3134.9909
1998-11-25,3139.585
1998-12-02,3141.8878
1998-12-09,3149.0528
1998-12-16,3143.6006
1998-12-23,3133.1954
1998-12-30,3143.3507
1999-01-06,3152.1165
1999-01-13,3153.5006
1999-01-20,3151.7556
1999-01-27,3140.7929
1999-02-03,3146.9069
1999-02-10,3149.3576
1999-02-17,3145.4731
1999-02-24,3141.1201
1999-03-03,3151.9669
1999-03-10,3154.9881
1999-03-17,3161.1168
1999-03-24,3163.3549
1999-03-31,3169.8303
1999-04-07,3173.0809
1999-04-14,3175.1638
1999-04-21,3182.5151
1999-04-28,3172.5947
1999-05-05,3175.8227
1999-05-12,3183.1149
1999-05-19,3180.4183
1999-05-26,3181.7734
1999-06-02,3189.7168
1999-06-09,3194.9259
1999-06-16,3204.5546
1999-06-23,3212.2949
1999-06-30,3206.0558
1999-07-07,3207.5611
1999-07-14,3212.6106
1999-07-21,3216.7469
1999-07-28,3214.7816
1999-08-04,3212.9983
1999-08-11,3218.5947
1999-08-18,3228.9758
1999-08-25,3233.6238
1999-09-01,3249.3097
1999-09-08,3240.8505
1999-09-15,3244.5462
1999-09-22,3265.4453
1999-09-29,3270.442
1999-10-06,3266.989
1999-10-13,3265.8947
1999-10-20,3281.4016
1999-10-27,3290.86
1999-11-03,3299.6642
1999-11-10,3306.1451
1999-11-17,3320.7915
1999-11-24,3330.077
1999-12-01,3341.4623
1999-12-08,3340.3654
1999-12-15,3351.7498
1999-12-22,3372.0109
1999-12-29,3373.3198
2000-01-05,3370.4632
2000-01-12,3380.6306
2000-01-19,3396.0405
2000-01-26,3399.5952
2000-02-02,3408.1889
2000-02-09,3407.1434
2000-02-16,3418.9805
2000-02-23,3425.2535
2000-03-01,3440.9909
2000-03-08,3443.1281
2000-03-15,3465.4032
2000-03-22,3473.5569
2000-03-29,3459.8076
2000-04-05,3475.7218
2000-04-12,3485.5437
2000-04-19,3497.5718
2000-04-26,3510.139
2000-05-03,3522.1808
2000-05-10,3530.1995
2000-05-17,3537.9738
2000-05-24,3552.1212
2000-05-31,3554.0732
2000-06-07,3561.2728
2000-06-14,3565.4736
2000-06-21,3589.4369
2000-06-28,3581.5975
2000-07-05,3588.0972
2000-07-12,3590.6734
2000-07-19,3598.7592
2000-07-26,3606.5681
2000-08-02,3611.6802
2000-08-09,3616.7035
2000-08-16,3626.5492
2000-08-23,3634.1409
2000-08-30,3628.9499
2000-09-06,3637.4385
2000-09-13,3618.3811
2000-09-20,3658.5817
2000-09-27,3654.2758
2000-10-04,3644.7252
2000-10-11,3642.4186
2000-10-18,3649.5776
2000-10-25,3657.8749
2000-11-01,3665.4419
2000-11-08,3659.9587
2000-11-15,3670.1319
2000-11-22,3677.4437
2000-11-29,3677.1041
2000-12-06,3683.311
2000-12-13,3674.8751
2000-12-20,3695.7388
2000-12-27,3703.4415
2001-01-03,3698.5122
2001-01-10,3697.3062
2001-01-17,3706.5028
2001-01-24,3715.2226
2001-01-31,3720.5545
2001-02-07,3711.3227
2001-02-14,3713.8383
2001-02-21,3723.9842
2001-02-28,3739.4329
2001-03-07,3733.1531
2001-03-14,3725.099
2001-03-21,3736.4122
2001-03-28,3738.3829
2001-04-04,3735.4133
2001-04-11,3744.3194
2001-04-18,3748.722
2001-04-25,3754.051
2001-05-02,3759.5244
2001-05-09,3756.7281
2001-05-16,3760.5777
2001-05-23,3760.8468
2001-05-30,3764.3318
2001-06-06,3757.1186
2001-06-13,3745.7453
2001-06-20,3747.5672
2001-06-27,3755.9082
2001-07-04,3738.8463
2001-07-11,3738.3543
2001-07-18,3742.8185
2001-07-25,3740.3335
2001-08-01,3739.6176
2001-08-08,3720.064
2001-08-15,3726.5271
2001-08-22,3724.6674
2001-08-29,3725.1125
2001-09-05,3733.1304
2001-09-12,3863.7405
2001-09-19,3783.3496
2001-09-26,3764.949
2001-10-03,3756.761
2001-10-10,3740.7927
2001-10-17,3746.7891
2001-10-24,3739.0115
2001-10-31,3742.554
2001-11-07,3747.6273
2001-11-14,3750.9298
2001-11-21,3763.2007
2001-11-28,3759.9974
2001-12-05,3771.3724
2001-12-12,3779.1368
2001-12-19,3761.0847
2001-12-26,3754.8753
2002-01-02,3748.7167
2002-01-09,3750.4826
2002-01-16,3742.826
2002-01-23,3740.9731
2002-01-30,3738.5113
2002-02-06,3756.2718
2002-02-13,3753.5014
2002-02-20,3763.1853
2002-02-27,3754.0901
2002-03-06,3742.4333
2002-03-13,3742.1777
2002-03-20,3755.9014
2002-03-27,3761.7368
2002-04-03,3754.6817
2002-04-10,3756.1765
2002-04-17,3753.6567
2002-04-24,3758.9563
2002-05-01,3744.7545
2002-05-08,3742.5101
2002-05-15,3748.6114
2002-05-22,3750.8707
2002-05-29,3755.2679
2002-06-05,3756.2292
2002-06-12,3764.808
2002-06-19,3772.5305
2002-06-26,3779.0023
2002-07-03,3769.7709
2002-07-10,3771.5162
2002-07-17,3779.3912
2002-07-24,3790.3806
2002-07-31,3788.7943
2002-08-07,3795.7708
2002-08-14,3808.2305
2002-08-21,3816.8777
2002-08-28,3831.1485
2002-09-04,3841.618
2002-09-11,3833.7929
2002-09-18,3852.7856
2002-09-25,3859.0305
2002-10-02,3885.1535
2002-10-09,3895.7654
2002-10-16,3910.0317
2002-10-23,3912.2349
2002-10-30,3916.252
2002-11-06,3925.4406
2002-11-13,3938.5245
2002-11-20,3936.7241
2002-11-27,3956.844
2002-12-04,3959.5235
2002-12-11,3973.9139
2002-12-18,3971.0562
2002-12-25,3973.7226
2003-01-01,3962.5645
2003-01-08,3975.7116
2003-01-15,3973.5328
2003-01-22,3979.8108
2003-01-29,3983.3874
2003-02-05,3989.2194
2003-02-12,4000.6342
2003-02-19,4003.9472
2003-02-26,4004.1147
2003-03-05,4009.5655
2003-03-12,4020.9789
2003-03-19,4011.885
2003-03-26,4004.263
2003-04-02,4028.4765
2003-04-09,4042.076
2003-04-16,4047.803
2003-04-23,4046.2624
2003-04-30,4052.2805
2003-05-07,4074.9526
2003-05-14,4079.4542
2003-05-21,4073.7593
2003-05-28,4073.9653
2003-06-04,4078.6526
2003-06-11,4091.6668
2003-06-18,4089.7105
2003-06-25,4087.4886
2003-07-02,4121.7496
2003-07-09,4125.9296
2003-07-16,4127.4584
2003-07-23,4126.7306
2003-07-30,4139.7388
2003-08-06,4160.9453
2003-08-13,4161.425
2003-08-20,4164.7617
2003-08-27,4156.0326
2003-09-03,4175.8902
2003-09-10,4174.5409
2003-09-17,4168.2339
2003-09-24,4146.3354
2003-10-01,4141.6399
2003-10-08,4134.0847
2003-10-15,4133.3393
2003-10-22,4108.7513
2003-10-29,4099.2967
2003-11-05,4131.2428
2003-11-12,4134.3975
2003-11-19,4121.7171
2003-11-26,4126.2172
2003-12-03,4115.8914
2003-12-10,4122.9561
2003-12-17,4191.4837
2003-12-24,4189.5629
2003-12-31,4193.5691
2004-01-07,4193.639
2004-01-14,4193.1653
2004-01-21,4204.306
2004-01-28,4209.2509
2004-02-04,4210.3884
2004-02-11,4222.2157
2004-02-18,4243.7203
2004-02-25,4237.0044
2004-03-03,4241.2427
2004-03-10,4252.1446
2004-03-17,4262.1616
2004-03-24,4273.0365
2004-03-31,4289.2665
2004-04-07,4298.2819
2004-04-14,4322.818
2004-04-21,4327.9173
2004-04-28,4335.328
2004-05-05,4346.3886
2004-05-12,4364.2005
2004-05-19,4377.9358
2004-05-26,4380.5141
2004-06-02,4386.2746
2004-06-09,4397.3255
2004-06-16,4406.6502
2004-06-23,4409.3021
2004-06-30,4413.2221
2004-07-07,4422.3696
2004-07-14,4436.0629
2004-07-21,4438.4461
2004-07-28,4432.8262
2004-08-04,4437.1561
2004-08-11,4450.8898
2004-08-18,4459.2947
2004-08-25,4477.237
2004-09-01,4487.7009
2004-09-08,4484.0406
2004-09-15,4501.3152
2004-09-22,4520.1197
2004-09-29,4516.5203
2004-10-06,4517.2699
2004-10-13,4523.7291
2004-10-20,4544.1839
2004-10-27,4554.1589
2004-11-03,4561.0637
2004-11-10,4570.5888
2004-11-17,4580.7796
2004-11-24,4586.1814
2004-12-01,4599.3241
2004-12-08,4605.2643
2004-12-15,4622.0718
2004-12-22,4628.8961
2004-12-29,4655.521
2005-01-05,4665.529
2005-01-12,4678.2226
2005-01-19,4684.259
2005-01-26,4684.8453
2005-02-02,4689.8675
2005-02-09,4691.548
2005-02-16,4712.0633
2005-02-23,4737.7044
2005-03-02,4748.0842
2005-03-09,4757.3356
2005-03-16,4778.653
2005-03-23,4790.5115
2005-03-30,4794.9849
2005-04-06,4808.1339
2005-04-13,4813.7723
2005-04-20,4835.25
2005-04-27,4832.3518
2005-05-04,4822.0804
2005-05-11,4828.719
2005-05-18,4843.5139
2005-05-25,4866.8582
2005-06-01,4871.2021
2005-06-08,4879.463
2005-06-15,4896.7922
2005-06-22,4912.3347
2005-06-29,4911.7352
2005-07-06,4936.1133
2005-07-13,4952.6021
2005-07-20,4983.7219
2005-07-27,4999.5767
2005-08-03,5012.7934
2005-08-10,5024.2293
2005-08-17,5039.1542
2005-08-24,5053.3731
2005-08-31,5052.6212
2005-09-07,5059.1815
2005-09-14,5066.0635
2005-09-21,5088.1935
2005-09-28,5093.2228
2005-10-05,5097.7425
2005-10-12,5097.2327
2005-10-19,5114.1992
2005-10-26,5128.1141
2005-11-02,5134.2378
2005-11-09,5141.909
2005-11-16,5159.3052
2005-11-23,5180.0511
2005-11-30,5163.2775
2005-12-07,5194.778
2005-12-14,5210.0094
2005-12-21,5216.2304
2005-12-28,5238.1023
2006-01-04,5231.4129
2006-01-11,5236.0892
2006-01-18,5246.9985
2006-01-25,5262.06
2006-02-01,5270.6411
2006-02-08,5268.3861
2006-02-15,5283.231
2006-02-22,5295.861
2006-03-01,5314.0557
2006-03-08,5305.0391
2006-03-15,5332.6274
2006-03-22,5344.5926
2006-03-29,5365.3451
2006-04-05,5371.9783
2006-04-12,5368.2667
2006-04-19,5402.2413
2006-04-26,5418.8217
2006-05-03,5425.4095
2006-05-10,5436.2392
2006-05-17,5455.1156
2006-05-24,5477.1862
2006-05-31,5478.9917
2006-06-07,5489.5175
2006-06-14,5496.8047
2006-06-21,5502.0886
2006-06-28,5510.6938
2006-07-05,5515.8791
2006-07-12,5516.3559
2006-07-19,5541.3619
2006-07-26,5551.6055
2006-08-02,5565.574
2006-08-09,5554.0539
2006-08-16,5584.1523
2006-08-23,5598.6496
2006-08-30,5589.9683
2006-09-06,5593.3322
2006-09-13,5570.6844
2006-09-20,5606.8119
2006-09-27,5612.4327
2006-10-04,5709.0926
2006-10-11,5725.5894
2006-10-18,5732.9725
2006-10-25,5749.0495
2006-11-01,5755.4283
2006-11-08,5748.0922
2006-11-15,5764.8476
2006-11-22,5791.5751
2006-11-29,5809.9466
2006-12-06,5818.3041
2006-12-13,5810.55
2006-12-20,5879.412
2006-12-27,5882.8699
2007-01-03,5860.5388
2007-01-10,5866.9275
2007-01-17,5881.165
2007-01-24,5897.6442
2007-01-31,5899.616
2007-02-07,5901.7588
2007-02-14,5925.333
2007-02-21,5940.0755
2007-02-28,5933.0329
2007-03-07,5917.2207
2007-03-14,5837.7323
2007-03-21,5863.101
2007-03-28,5872.0954
2007-04-04,5896.5162
2007-04-11,5913.737
2007-04-18,5923.2202
2007-04-25,5941.1972
2007-05-02,5951.3593
2007-05-09,5955.5662
2007-05-16,5966.9874
2007-05-23,5972.118
2007-05-30,5990.4433
2007-06-06,5995.4077
2007-06-13,6000.1408
2007-06-20,6040.3224
2007-06-27,6043.6253
2007-07-04,6064.6156
2007-07-11,6070.4886
2007-07-18,6072.3391
2007-07-25,6095.6273
2007-08-01,6104.1752
2007-08-08,6122.7739
2007-08-15,6147.7469
2007-08-22,6192.559
2007-08-29,6212.1491
2007-09-05,6224.9762
2007-09-12,6246.6574
2007-09-19,6270.7007
2007-09-26,6293.9931
2007-10-03,6270.7889
2007-10-10,6290.1167
2007-10-17,6360.7516
2007-10-24,6385.5141
2007-10-31,6385.0095
2007-11-07,6393.5857
2007-11-14,6398.2682
2007-11-21,6424.0777
2007-11-28,6430.7595
2007-12-05,6441.6608
2007-12-12,6443.1005
2007-12-19,6471.2984
2007-12-26,6491.3673
2008-01-02,6514.7496
2008-01-09,6510.7412
2008-01-16,6505.4416
2008-01-23,6540.5956
2008-01-30,6543.4179
2008-02-06,6534.9019
2008-02-13,6543.4
2008-02-20,6576.1829
2008-02-27,6587.0839
2008-03-05,6585.2936
2008-03-12,6593.0626
2008-03-19,6629.1652
2008-03-26,6625.2019
2008-04-02,6613.5879
2008-04-09,6617.9319
2008-04-16,6640.2666
2008-04-23,6637.4539
2008-04-30,6644.3207
2008-05-07,6629.7365
2008-05-14,6628.6466
2008-05-21,6629.9541
2008-05-28,6612.5788
2008-06-04,6601.3735
2008-06-11,6614.761
2008-06-18,6609.6306
2008-06-25,6604.9888
2008-07-02,6612.0418
2008-07-09,6612.7887
2008-07-16,6633.8655
2008-07-23,6629.8619
2008-07-30,6623.9515
2008-08-06,6624.9095
2008-08-13,6624.9603
2008-08-20,6638.6069
2008-08-27,6644.2729
2008-09-03,6640.7612
2008-09-10,6635.4851
2008-09-17,6706.8916
2008-09-24,6736.0615
2008-10-01,6953.1153
2008-10-08,6956.8549
2008-10-15,7019.41
2008-10-22,7006.8813
2008-10-29,7008.6765
2008-11-05,6973.056
2008-11-12,6968.1696
2008-11-19,6939.6075
2008-11-26,6968.15
2008-12-03,6952.1507
2008-12-10,6961.9876
2008-12-17,6956.2373
2008-12-24,6936.6545
2008-12-31,6890.8075
2009-01-07,6879.3245
2009-01-14,6895.6635
2009-01-21,6912.4522
2009-01-28,6908.0588
2009-02-04,6914.0037
2009-02-11,6914.6154
2009-02-18,6917.996
2009-02-25,6904.9668
2009-03-04,6891.4402
2009-03-11,6908.1433
2009-03-18,6844.1764
2009-03-25,6835.3596
2009-04-01,6828.6476
2009-04-08,6822.0568
2009-04-15,6816.8381
2009-04-22,6789.6942
2009-04-29,6884.3031
2009-05-06,6873.8626
2009-05-13,6836.0417
2009-05-20,6836.0883
2009-05-27,6849.5498
2009-06-03,6835.7026
2009-06-10,6816.539
2009-06-17,6770.4526
2009-06-24,6765.9344
2009-07-01,6748.2942
2009-07-08,6727.4285
2009-07-15,6713.7836
2009-07-22,6695.3454
2009-07-29,6691.3125
2009-08-05,6673.8294
2009-08-12,6663.055
2009-08-19,6625.4584
2009-08-26,6613.3218
2009-09-02,6589.474
2009-09-09,6589.9293
2009-09-16,6563.1282
2009-09-23,6527.3043
2009-09-30,6514.058
2009-10-07,6504.1938
2009-10-14,6479.1971
2009-10-21,6459.8982
2009-10-28,6453.5841
2009-11-04,6533.5735
2009-11-11,6536.8505
2009-11-18,6517.9128
2009-11-25,6510.8945
2009-12-02,6499.1265
2009-12-09,6491.4077
2009-12-16,6468.8448
2009-12-23,6430.2428
2009-12-30,6431.3019
2010-01-06,6415.9706
2010-01-13,6399.4862
2010-01-20,6398.2104
2010-01-27,6364.9767
2010-02-03,6346.7226
2010-02-10,6348.521
2010-02-17,6317.6103
2010-02-24,6305.0023
2010-03-03,6294.6073
2010-03-10,6290.5083
2010-03-17,6287.0062
2010-03-24,6276.2401
2010-03-31,6718.586
2010-04-07,6713.6103
2010-04-14,6714.5737
2010-04-21,6703.122
2010-04-28,6696.1693
2010-05-05,6671.5303
2010-05-12,6684.6634
2010-05-19,6666.8314
2010-05-26,6651.4377
2010-06-02,6643.0051
2010-06-09,6643.8164
2010-06-16,6641.4226
2010-06-23,6634.0353
2010-06-30,6628.2152
2010-07-07,6623.9973
2010-07-14,6617.6378
2010-07-21,6612.4113
2010-07-28,6599.0386
2010-08-04,6609.577
2010-08-11,6615.0656
2010-08-18,6602.1848
2010-08-25,6599.7396
2010-09-01,6602.1893
2010-09-08,6603.8284
2010-09-15,6576.0701
2010-09-22,6557.1818
2010-09-29,6566.6542
2010-10-06,6576.0638
2010-10-13,6557.8712
2010-10-20,6562.5739
2010-10-27,6562.8513
2010-11-03,6566.3429
2010-11-10,6551.8065
2010-11-17,6562.3901
2010-11-24,6562.0457
2010-12-01,6564.405
2010-12-08,6573.6251
2010-12-15,6565.3444
2010-12-22,6548.3501
2010-12-29,6544.6321
2011-01-05,6522.8631
2011-01-12,6547.2911
2011-01-19,6527.7906
2011-01-26,6508.9973
2011-02-02,6514.1591
2011-02-09,6507.8653
2011-02-16,6491.6895
2011-02-23,6492.5371
2011-03-02,6490.7888
2011-03-09,6488.1225
2011-03-16,6478.3644
2011-03-23,6477.2421
2011-03-30,6478.3323
2011-04-06,6489.4311
2011-04-13,6475.6004
2011-04-20,6493.289
2011-04-27,6487.7541
2011-05-04,6488.1119
2011-05-11,6496.0375
2011-05-18,6475.6026
2011-05-25,6485.8071
2011-06-01,6499.8695
2011-06-08,6487.6511
2011-06-15,6497.8882
2011-06-22,6501.3203
2011-06-29,6496.7733
2011-07-06,6503.4234
2011-07-13,6514.7896
2011-07-20,6514.4434
2011-07-27,6524.6684
2011-08-03,6521.2537
2011-08-10,6535.9031
2011-08-17,6537.0301
2011-08-24,6538.5853
2011-08-31,6542.3352
2011-09-07,6547.905
2011-09-14,6535.4463
2011-09-21,6538.6782
2011-09-28,6550.6287
2011-10-05,6565.0495
2011-10-12,6570.8773
2011-10-19,6573.9568
2011-10-26,6579.7946
2011-11-02,6594.8951
2011-11-09,6607.8564
2011-11-16,6615.3674
2011-11-23,6595.0338
2011-11-30,6604.2267
2011-12-07,6615.0324
2011-12-14,6609.7596
2011-12-21,6603.8989
2011-12-28,6618.9525
2012-01-04,6639.7815
2012-01-11,6646.4166
2012-01-18,6635.5845
2012-01-25,6632.5829
2012-02-01,6709.8661
2012-02-08,6704.8643
2012-02-15,6702.9141
2012-02-22,6697.3141
2012-02-29,6719.2812
2012-03-07,6721.088
2012-03-14,6718.8008
2012-03-21,6708.5211
2012-03-28,6718.8125
2012-04-04,6722.7541
2012-04-11,6741.0134
2012-04-18,6744.1374
2012-04-25,6737.0229
2012-05-02,6755.0256
2012-05-09,6763.6363
2012-05-16,6766.5347
2012-05-23,6760.8371
2012-05-30,6768.6987
2012-06-06,6790.4837
2012-06-13,6775.7067
2012-06-20,6778.4082
2012-06-27,6777.4348
2012-07-04,6781.8383
2012-07-11,6791.3008
2012-07-18,6787.2106
2012-07-25,6795.3552
2012-08-01,6807.4368
2012-08-08,6819.502
2012-08-15,6812.2431
2012-08-22,6806.9166
2012-08-29,6821.1918
2012-09-05,6825.3326
2012-09-12,6840.7235
2012-09-19,6830.5814
2012-09-26,6822.6119
2012-10-03,6834.3942
2012-10-10,6846.022
2012-10-17,6832.3945
2012-10-24,6826.9489
2012-10-31,6855.0791
2012-11-07,6886.6956
2012-11-14,6878.7985
2012-11-21,6866.9119
2012-11-28,6864.9557
2012-12-05,6863.0958
2012-12-12,6865.3561
2012-12-19,6895.7657
2012-12-26,6906.1619
2013-01-02,6935.8414
2013-01-09,6926.2422
2013-01-16,6913.4793
2013-01-23,6914.4857
2013-01-30,6938.2094
2013-02-06,6947.9153
2013-02-13,6943.8827
2013-02-20,6935.0337
2013-02-27,6946.3391
2013-03-06,6948.7792
2013-03-13,6944.9637
2013-03-20,6938.3381
2013-03-27,6949.4812
2013-04-03,6962.6408
2013-04-10,6978.5671
2013-04-17,6967.9963
2013-04-24,6967.2065
2013-05-01,6985.4298
2013-05-08,6972.6369
2013-05-15,6984.5037
2013-05-22,6980.3175
2013-05-29,6981.8333
2013-06-05,6994.9335
2013-06-12,7007.5594
2013-06-19,7004.7968
2013-06-26,6996.1002
2013-07-03,7006.2051
2013-07-10,7008.3971
2013-07-17,7023.2237
2013-07-24,7019.2831
2013-07-31,7023.8055
2013-08-07,7019.7551
2013-08-14,7011.9643
2013-08-21,7019.1185
2013-08-28,7017.3159
2013-09-04,7031.8587
2013-09-11,7036.7668
2013-09-18,7039.0822
2013-09-25,7034.757
2013-10-02,7058.1842
2013-10-09,7050.2885
2013-10-16,7070.5978
2013-10-23,7064.8398
2013-10-30,7073.5982
2013-11-06,7075.8929
2013-11-13,7082.778
2013-11-20,7079.1441
2013-11-27,7095.4502
2013-12-04,7089.5569
2013-12-11,7100.0132
2013-12-18,7101.5823
2013-12-25,7116.4683
2014-01-01,7116.5615
2014-01-08,7116.1971
2014-01-15,7116.7079
2014-01-22,7137.6373
2014-01-29,7142.2941
2014-02-05,7159.7812
2014-02-12,7181.8204
2014-02-19,7202.0035
2014-02-26,7203.4976
2014-03-05,7226.1731
2014-03-12,7230.516
2014-03-19,7245.8516
2014-03-26,7247.035
2014-04-02,7254.7261
2014-04-09,7259.6016
2014-04-16,7275.5893
2014-04-23,7280.2059
2014-04-30,7293.5772
2014-05-07,7296.6631
2014-05-14,7306.8598
2014-05-21,7319.8616
2014-05-28,7330.2756
2014-06-04,7335.4275
2014-06-11,7354.2356
2014-06-18,7360.6183
2014-06-25,7366.0842
2014-07-02,7392.6242
2014-07-09,7389.481
2014-07-16,7399.0843
2014-07-23,7406.7758
2014-07-30,7418.4535
2014-08-06,7432.7375
2014-08-13,7439.445
2014-08-20,7467.7723
2014-08-27,7461.7959
2014-09-03,7473.1418
2014-09-10,7474.0085
2014-09-17,7486.3369
2014-09-24,7488.6381
2014-10-01,7490.6837
2014-10-08,7484.969
2014-10-15,7498.0443
2014-10-22,7521.7115
2014-10-29,7515.1306
2014-11-05,7521.3847
2014-11-12,7546.2412
2014-11-19,7552.2123
2014-11-26,7577.7449
2014-12-03,7571.2211
2014-12-10,7586.8203
2014-12-17,7597.7007
2014-12-24,7627.639
2014-12-31,7632.7678
2015-01-07,7639.6899
2015-01-14,7656.871
2015-01-21,7674.0347
2015-01-28,7672.3135
2015-02-04,7674.0931
2015-02-11,7692.0707
2015-02-18,7715.5885
2015-02-25,7745.0778
2015-03-04,7757.1302
2015-03-11,7770.9679
2015-03-18,7797.4584
2015-03-25,7805.2494
2015-04-01,7826.739
2015-04-08,7823.9747
2015-04-15,7841.1485
2015-04-22,7840.1098
2015-04-29,7850.2018
2015-05-06,7853.9112
2015-05-13,7866.462
2015-05-20,7886.0699
2015-05-27,7896.7193
2015-06-03,7899.3397
2015-06-10,7916.3292
2015-06-17,7924.9566
2015-06-24,7938.0775
2015-07-01,7956.0245
2015-07-08,7950.9345
2015-07-15,7965.4755
2015-07-22,7974.5466
2015-07-29,7975.5115
2015-08-05,7983.9735
2015-08-12,8005.0416
2015-08-19,8021.1018
2015-08-26,8038.2199
2015-09-02,8047.2798
2015-09-09,8051.7749
2015-09-16,8063.3637
2015-09-23,8068.9948
2015-09-30,8092.7503
2015-10-07,8097.417
2015-10-14,8114.1227
2015-10-21,8117.3949
2015-10-28,8120.102
2015-11-04,8142.0758
2015-11-11,8167.4372
2015-11-18,8175.7444
2015-11-25,8189.1869
2015-12-02,8202.5179
2015-12-09,8216.7422
2015-12-16,8232.3533
2015-12-23,8239.5763
2015-12-30,8244.4751
2016-01-06,8259.8528
2016-01-13,8263.571
2016-01-20,8283.074
2016-01-27,8299.7496
2016-02-03,8325.149
2016-02-10,8330.0654
2016-02-17,8339.531
2016-02-24,8344.5899
2016-03-02,8392.0686
2016-03-09,8411.4667
2016-03-16,8413.1724
2016-03-23,8425.9953
2016-03-30,8432.8838
2016-04-06,8446.6631
2016-04-13,8455.8168
2016-04-20,8474.3454
2016-04-27,8484.4841
2016-05-04,8504.7187
2016-05-11,8519.0382
2016-05-18,8515.2799
2016-05-25,8537.4697
2016-06-01,8547.8689
2016-06-08,8554.4521
2016-06-15,8557.9119
2016-06-22,8570.7194
2016-06-29,8603.5489
2016-07-06,8611.9672
2016-07-13,8622.9788
2016-07-20,8613.9607
2016-07-27,8621.1915
2016-08-03,8622.5442
2016-08-10,8634.3409
2016-08-17,8631.4413
2016-08-24,8647.7808
2016-08-31,8667.5622
2016-09-07,8674.4353
2016-09-14,8684.5005
2016-09-21,8691.6394
2016-09-28,8701.0483
2016-10-05,8720.4953
2016-10-12,8727.835
2016-10-19,8735.8529
2016-10-26,8740.0874
2016-11-02,8748.0874
2016-11-09,8756.4011
2016-11-16,8763.0853
2016-11-23,8763.5159
2016-11-30,8774.4728
2016-12-07,8775.5879
2016-12-14,8766.7987
2016-12-21,8764.3663
2016-12-28,8754.6223
2017-01-04,8770.6096
2017-01-11,8783.2033
2017-01-18,8784.7425
2017-01-25,8783.8478
2017-02-01,8800.6104
2017-02-08,8799.1729
2017-02-15,8807.1252
2017-02-22,8808.3504
2017-03-01,8814.8895
2017-03-08,8804.689
2017-03-15,8816.9849
2017-03-22,8814.2946
2017-03-29,8812.0169
2017-04-05,8827.8927
2017-04-12,8833.6558
2017-04-19,8846.4134
2017-04-26,8853.2923
2017-05-03,8863.6149
2017-05-10,8869.4677
2017-05-17,8872.2655
2017-05-24,8886.2379
2017-05-31,8883.5699
2017-06-07,8881.4074
2017-06-14,8882.9018
2017-06-21,8898.1371
2017-06-28,8895.9848
2017-07-05,8910.6574
2017-07-12,8922.192
2017-07-19,8935.2899
2017-07-26,8943.5824
2017-08-02,8948.2653
2017-08-09,8957.0757
2017-08-16,8955.5807
2017-08-23,8965.9339
2017-08-30,8969.5832
2017-09-06,8979.9281
2017-09-13,8977.9966
2017-09-20,9014.3593
2017-09-27,9012.7321
2017-10-04,9023.9517
2017-10-11,9036.7386
2017-10-18,9049.9602
2017-10-25,9054.616
2017-11-01,9062.0872
2017-11-08,9074.7877
2017-11-15,9073.7011
2017-11-22,9082.1225
2017-11-29,9090.9351
2017-12-06,9094.0417
2017-12-13,9094.4466
2017-12-20,9104.1435
2017-12-27,9115.3979
2018-01-03,9114.7195
2018-01-10,9117.9623
2018-01-17,9128.3349
2018-01-24,9131.6146
2018-01-31,9140.9816
2018-02-07,9144.5573
2018-02-14,9150.9122
2018-02-21,9163.0367
2018-02-28,9173.6474
2018-03-07,9174.2194
2018-03-14,9180.4234
2018-03-21,9185.2984
2018-03-28,9212.3021
2018-04-04,9253.2491
2018-04-11,9274.9209
2018-04-18,9278.4555
2018-04-25,9291.7394
2018-05-02,9293.5688
2018-05-09,9294.2843
2018-05-16,9284.7433
2018-05-23,9290.8754
2018-05-30,9305.2722
2018-06-06,9317.932
2018-06-13,9318.8048
2018-06-20,9355.9814
2018-06-27,9353.5665
2018-07-04,9346.2515
2018-07-11,9366.4423
2018-07-18,9369.4106
2018-07-25,9380.6553
2018-08-01,9380.1634
2018-08-08,9376.3846
2018-08-15,9383.9774
2018-08-22,9395.8168
2018-08-29,9403.3347
2018-09-05,9413.8984
2018-09-12,9420.2242
2018-09-19,9424.4242
2018-09-26,9429.2176
2018-10-03,9448.324
2018-10-10,9446.5877
2018-10-17,9450.1457
2018-10-24,9465.7369
2018-10-31,9477.9802
2018-11-07,9474.1677
2018-11-14,9495.2941
2018-11-21,9513.9768
2018-11-28,9513.5578
2018-12-05,9534.6549
2018-12-12,9556.2664
2018-12-19,9560.5479
2018-12-26,9592.0665
2019-01-02,9611.4652
2019-01-09,9616.5974
2019-01-16,9617.8044
2019-01-23,9636.2561
2019-01-30,9630.2627
2019-02-06,9644.4103
2019-02-13,9658.5659
2019-02-20,9678.4353
2019-02-27,9677.4337
2019-03-06,9686.4088
2019-03-13,9689.7699
2019-03-20,9724.6785
2019-03-27,9720.5869
2019-04-03,9718.9492
2019-04-10,9713.2542
2019-04-17,9729.3819
2019-04-24,9738.3335
2019-05-01,9752.6688
2019-05-08,9752.4237
2019-05-15,9772.8677
2019-05-22,9782.5551
2019-05-29,9783.1607
2019-06-05,9788.2763
2019-06-12,9806.2442
2019-06-19,9809.4297
2019-06-26,9830.9543
2019-07-03,9824.7068
2019-07-10,9824.7575
2019-07-17,9827.3882
2019-07-24,9849.2187
2019-07-31,9858.0764
2019-08-07,9872.3506
2019-08-14,9878.5592
2019-08-21,9896.3288
2019-08-28,9887.1202
2019-09-04,9889.5323
2019-09-11,9890.7796
2019-09-18,9907.6206
2019-09-25,9924.6591
2019-10-02,9917.5322
2019-10-09,9909.2447
2019-10-16,9934.5241
2019-10-23,9941.5018
2019-10-30,9951.5564
2019-11-06,9960.3985
2019-11-13,9961.8899
2019-11-20,9969.148
2019-11-27,9999.202
2019-12-04,9988.6516
2019-12-11,10034.276
2019-12-18,10019.9271
2019-12-25,10016.8271
2020-01-01,10010.1614
2020-01-08,10020.4303
2020-01-15,10014.0278
2020-01-22,10032.752
2020-01-29,10035.9505
2020-02-05,10049.5377
2020-02-12,10044.7893
